id,matched_keywords,matched_in_columns,statement_snippet
8,nuclear,Statement,"We, K√§rnfull, believe that nuclear power is a far better alternative to the Bornholm Energy Island project, which would cost Danish taxpayers at least 31.5 billion DKK in state subsidies, as estimated by the Danish Energ"
179,nuclear;reactor,Statement,"Place a couple of small modular nuclear reactors on the island, and the energy problem is solved."
182,nuclear,Statement,The reality now points away from wind energy and towards alternatives like nuclear power. This is a discussion we must have now to avoid wasting good money on bad ideas. Welcome to reality for those who believe the energ
191,nuclear,Statement,"The failure of the Danish ""Energy Island"" projects is total. Denmark's energy and climate policy, which clings to wind power as the country's salvation, is exposed as deeply flawed. The largest tender ever for a domestic"
193,nuclear,Statement,"The cost comparison between energy islands and nuclear power is revealing. Constructing 8.4 GW of nuclear power costs 202 billion DKK, while building two energy islands costs 210 billion DKK, delivering only about 3 GW w"
194,thorium,Statement,"Once again, this is a major catastrophe caused by a lack of thought about what they are doing. Why on earth are they not building thorium power plants instead?"
211,nuclear,Statement,"Whenever you argue for nuclear power, there‚Äôs always pushback that it takes far too long. But what about this energy island? Announced in 2020, planned for completion by 2030, then delayed to 2033, then to 2036, and now "
224,nuclear,Statement,"We‚Äôre going to spend the next 50 years calculating the pros and cons of different energy solutions, and in the end, we‚Äôll opt for a variation of nuclear power that includes material recycling, waste burning, and carbon c"
242,nuclear,Statement,"The cost seems incredibly low. A nuclear power plant with a 1 GW capacity costs around 35 billion DKK, excluding the storage of spent fuel and decommissioning costs.

It sounds like we should build more energy islands if"
249,nuclear,Statement,"I want to repeal the nuclear power ban that was introduced in 1985. Sustainable energy sources like wind and solar simply cannot keep up, which is why I believe Denmark must make use of nuclear power.

I understand that "
254,nuclear,Statement,"I want to repeal the nuclear power ban that was introduced in 1985. Sustainable energy sources like wind and solar simply cannot keep up, which is why I believe Denmark must make use of nuclear power.
I understand that t"
267,atomkraft,Statement,"Et atomkraft-projekt der er l√∏bet n√¶sten 3x over budget, er alts√• 43% billigere end prisen p√• det her projekt. Og lur mig om ikke der ogs√• kommer budgetoverskridelser ud over de 210 mia.
Desuden undg√•r man med atomkraft "
272,atomkraft,Statement,"Vi kan godt blive enige om, at det er dyrt - men at man tager f√∏rste etape p√• et projekt og regner ud fra det er ikke en helt fair sammenligning med et f√¶rdigt projekt.
V√¶rket i Finland er rent omkostningsdrevet, det har"
278,atomkraft,Statement,Vi g√∏r os kun mere afh√¶ngige af afbr√¶nding af fossiler og biomasse med up√•lidelige energikilder. Atomkraft Ja Tak!
282,nuclear;atomkraft,Statement,"Fuck vindm√∏ller, atomkraft er endnu gr√∏nnere.
Der er ogs√• nuclear fusion, hvis dette bliver en success i Frankrig, kommer der til at v√¶re masser af gr√∏n energi uden affald.
Det hedder ITER projektet, hvor masser af lande"
283,reactor,Statement,"I believe that the entire Power-to-X fantasy will probably become more expensive and face greater delays than a couple of standard off-the-shelf reactors from South Korea or France. I am, however, grateful that 'Gigabyte"
305,nuclear,Statement,"Nuclear power? Yes, please! This situation clearly demonstrates that we should have started working on a nuclear power solution yesterday‚Äîor, ideally, 15 years ago. Why haven‚Äôt we begun yet? Is it really so difficult to "
347,nuclear,Statement,"The Baltic Eagle wind farm near R√ºgen, with a nominal capacity of 476 MW, is estimated to cost 1.6 billion euros, or about 12 billion kroner. With a 50% utilization rate, the specific investment amounts to 52 billion kro"
467,nuclear,Statement,"I can't stand that SF (Socialist People's Party) and √ò (Red-Green Alliance) are talking about the price and time to look...

According to this site: https://kefm.dk/aktuelt/nyheder/2021/feb/danmark-bliver-en-oe-rigere-ve"
469,nuclear,Statement,"The artificial energy island in the North Sea is such a waste of money and it is just a publicity stunt.

The island is expected to be done in 2028, but a report says the an optimistic estimate is 2033 and engineers say "
472,nuclear,Statement,"There is a world of difference between 3GW of installed wind capacity from the energy island and 3GW of installed nuclear power. One generates electricity intermittently, the other you can control."
473,nuclear,Statement,"It's a shame there is so much opposition to nuclear power, as it is otherwise the perfect stable energy source that could be used in a transition phase until something better is invented. We cannot be 100% self-sufficien"
474,nuclear,Statement,"It can't happen fast enough, and build an nuclear power plant beside the transformer station, so we have electricity when its windy and when it is not windy.
Its an old tale that people do not want to have such a thing i"
477,nuclear,Statement,"The Social Democrat Party asked in a Facebook post whether I would want a nuclear power plant in my backyard. Yes, I would. Beyond that, it's also laughable that the time horizon argument gets used constantly, when their"
479,nuclear;reactor,Statement,"Denmark is really quite well positioned for wind (the best in Europe after Scotland, I think?) and we have national interests in supporting our local wind turbine industry, so I don't think that a little country like Den"
480,reactor,Statement,"Mette Frederiksen's energy island will cost approximately 210 billion DKK if we don't account for delays and other issues that always come with public projects.

When it's finished, it will generate about 10 GW. But only"
482,nuclear,Statement,"PTX requires consistent energy, and about 10% of Denmark's energy consumption currently comes from wind and solar. PTX is not good if the energy to produce it comes from gas, oil, and biogas, which are our primary energy"
483,nuclear;reactor,Statement,"The wind turbine portion of the energy island project costs ""only"" 80 billion. The rest is for P2X and five large underwater cables. By comparison, the Finnish nuclear reactor OL3 ended up costing just over 80 billion an"
484,nuclear;uranium,Statement,"Building an energy island takes a significant amount of time and money. It's curious how nuclear power is often dismissed as unrealistic and too expensive, while we are more than willing to pour large amounts of money in"
485,nuclear,Statement,"It is fundamentally unserious to talk about a carbon tax, as long as we continue to burn wood to make electricity and heat. As long as incineration of wood is CO2 neutral, then it's a huge circus.

If we dropped the dera"
486,nuclear,Statement,"A direct comparison between the projected costs of wind turbines and the actual costs of nuclear energy (as we know, OL3 was not projected at 80 billion) would be rather dishonest, so I‚Äôll refrain from doing that. But si"
487,nuclear,Statement,"That energy island is set to have a maximum output far greater than any nuclear power plant in the world and will be located somewhere out in the North Sea. And apparently, it‚Äôs not an issue for our power grid either, if"
490,reactor,Statement,"The Russians and the Chinese can build GW-scale reactors in 5 years or less, for about $5 billion each. Both designs and safety are approved for import into the EU.

You can therefore get a lot of VVER-1200 or Hualong On"
495,nuclear,Statement,"A clean energy hub surrounded by wind turbines is a total pipe dream. Wind has proven to be an inferior energy source than nuclear at every turn, both in terms of carbon emissions and in terms of cost to power output. Ex"
498,nuclear,Statement,"Now, energy security also has a price. Nuclear power always produces. That‚Äôs not accounted for. The energy island requires huge connections to other countries to make sense, and that‚Äôs expensive as well. Is that factored"
500,nuclear;reactor,Statement,"210 billion kroner. The budgets for the two nuclear reactors were about 100 billion kroner each. In Denmark, we don‚Äôt have experience with building nuclear plants, but we also don‚Äôt have experience with constructing huge"
501,nuclear,Statement,"30 billion USD is not 100 billion kroner. We haven‚Äôt built energy islands before, but we have experience with offshore projects, so in the worst-case scenario, we‚Äôll ""just"" end up with new offshore wind farms. Will it go"
502,nuclear;reactor,Statement,"The budget for the nuclear reactors was indeed around 14 billion USD, not 30 billion. So the total was around 100 billion kroner. It ended up costing twice as much, which is also a risk for the energy islands. I understa"
504,nuclear;reactor,Statement,"Let's do some quick math to put things in perspective:

If the stated price of 210 billion DKK is for the first phase of 3000 MW (as I understand it), that gives a price per MW of 70 million DKK.

In comparison, the new "
506,nuclear,Statement,"There is a lot of negativity in this thread. Either it's too expensive, or it's not nuclear power or high-speed trains.

I think it seems like a good idea. If we want to reduce our dependence on fossil fuels, wind power "
507,reactor,Statement,"There has certainly been a shift in prices for new European reactors. The British estimated they could get two new 1.6 GW reactors for around 22 billion euros. However, the French counterpart, Flamanville, also a 1.6 GW "
508,nuclear,Statement,"If we can afford the expensive carbon capture plants for 10-20 billioner DKK pr. piece and an energy island, maybe we should use those resources on nuclear energy first."
512,nuclear,Statement,"This island is a waste of money and just a publicity stunt.

The island is expected to be completed in 2028, but a report suggests that an optimistic estimate is 2033, and engineers say 2035 should be expected.

I believ"
513,nuclear,Statement,"If we‚Äôre already going down the path of building these energy islands, we might as well take the time to build nuclear power as well."
520,nuclear,Statement,"This is a total pipe dream. Wind has proven to be an inferior energy source compared to nuclear in every aspect, both in terms of carbon emissions and cost to power output. Exposing wind turbines to North Sea or Baltic s"
522,nuclear,Statement,"If we can afford expensive carbon capture facilities costing 10-20 billion each and an energy island, we could potentially use those resources for nuclear power first."
556,reactor,Statement,"A 20-foot container from Seaborg Technologies delivers 200 MW of continuous power from its two reactors. This seems incredibly efficient when compared to 15 of the largest wind turbines currently in use, which require th"
562,nuclear,Statement,"It is interesting to follow Kraka Economics in the future. They have previously written critically about the energy islands. I believe we need to explore an alternative to the current strategy of ""more of the same,"" espe"
566,nuclear,Statement,"Imagine if an equivalent amount of money were invested in nuclear power. On the other hand, the Energy Island project might be marketable internationally and could create jobs‚Äîprovided that we can secure a sufficient sup"
586,nuclear,Statement,"Without wind, there is no electricity.  
Without sun, there is no electricity.  
Yes, please, to nuclear power."
589,nuclear,Statement,"The Energy Island project on Bornholm is outrageously expensive and will hopefully never materialize. A single nuclear power plant would likely be sufficient for the island, ensuring better and more stable energy supply."
594,nuclear,Statement,When will Denmark adopt nuclear power instead of covering the country with wind turbines and solar panels?
602,nuclear,Statement,Stop discussing the construction of more ugly wind turbine parks and take the proper step toward embracing nuclear energy.
627,thorium,Statement,"Stop all Energy Island projects, offshore wind projects, and solar farm projects. Instead, allocate some of the funds to complete and install thorium molten salt energy systems in all Danish power plants. This would make"
632,nuclear,Statement,"When will we get nuclear power, before the country is covered with wind turbines and solar panels?"
734,nuclear,Statement,"That sounds incredibly cheap. A 1-gigawatt nuclear power plant is being built in the area for 35 billion kroner, minus the storage of used fuel and decommissioning costs.

It's even more astonishing when you consider tha"
736,nuclear,Statement,"But now that I think about it, everyone has known this was a bad investment for years. If you take the same 200 billion kroner and invest it in something like Hinkley Point C, which is the most expensive nuclear power pl"
737,nuclear,Statement,"So now that batteries are on the way, the Energy Agency is expecting around 1 GW of storage capacity by 2030. Denmark already has around 16 GW of installed batteries, which translates to about 800 MWh in Denmark.

When y"
740,nuclear,Statement,We are securing external financing to build an energy island for 50 billion DKK that will produce as much energy as a nuclear power plant and won‚Äôt be completed until 2036. The cost and time are not the issue. If they we
741,nuclear;reactor,Statement,"Exporting electricity to other countries is clearly the obvious solution to managing surplus production. Additionally, building one facility at a time ensures we don't significantly overshoot future demand. Overproductio"
742,nuclear,Statement,"There is indeed a transitional period, during which we would either buy electricity from abroad (as we already do today‚Äîsee the link below) or invest in a few biomass plants combined with as few solar panels as possible "
749,nuclear,Statement,"Forget wind turbines, nuclear power is even greener.

There‚Äôs also nuclear fusion. If this becomes a success in France, there will be plenty of green energy with no waste.

It‚Äôs called the ITER project, where many countr"
752,fission;uranium,Statement,"There are, however, 40 trillion tons of uranium in the Earth's crust. So, not for the foreseeable future‚Äîwe would have enough for thousands of years. And in thousands of years, it would surprise me if we were still minin"
756,nuclear;reactor;smr,Statement,"The Danish Energy Islands are a great opportunity to harness the excellent wind resources available along Denmark's west coast. By utilizing these resources properly, Denmark could produce surplus electricity to export t"
760,nuclear,Statement,"Many people oppose nuclear power because it takes a long time to build and is expensive. However, more than 8 years for the energy island project seems just as bad.

I believe decentralizing power production in the count"
761,nuclear,Statement,"The average construction time for new nuclear power plants is down to around 5-6 years in China.

France decarbonized its entire network in 15 years, over 50 years ago...

China is building more than 400 plants in the co"
762,nuclear,Statement,Here‚Äôs a suggestion: why not invest the approximately 250 billion DKK in developing safer nuclear power plants and advancing fusion research? I‚Äôm not entirely convinced about spending the entire amount on a prestige proj
765,nuclear,Statement,"The actual calculations work against wind energy, particularly in a country like Denmark, which boasts the world‚Äôs most advanced district heating network.  

The indoctrination against nuclear power runs so deep that it "
766,nuclear,Statement,"Of course, the climate is the most important aspect of climate policy, and our protectionism toward our own energy industry has absolutely nothing to do with the chaos unfolding in the ministry.  

It‚Äôs merely a coincide"
767,nuclear;reactor,Statement,"The cost of the first stage of the Danish ""Energy Island"" project, which is planned to have 3000 MW capacity, is estimated at 210 billion DKK. This equates to a price of 70 million DKK per MW. In comparison, the new Finn"
768,nuclear,Statement,There is no need for more green energy in Northern Europe when the wind is blowing because we already have enough capacity. The idea that green hydrogen could make it profitable is unrealistic due to the massive price di
769,nuclear,Statement,"There is more than enough to meet our energy needs for hundreds of years until we develop better technology.  

Nuclear power is the only climate-friendly technology today that delivers on all parameters. With wind power"
771,nuclear,Statement,"I‚Äôm not an offshore expert, and there are certainly aspects that don‚Äôt make for entirely fair comparisons. However, I can only compare the publicly available figures so far‚Äîanything else would be pure speculation.  

A f"
773,nuclear,Statement,"I am not an offshore expert, and there are certainly things that aren't entirely fair comparisons. However, I can only compare the publicly available data so far; anything else is just speculation.

Some other things tha"
854,nuclear,Statement,"THE COLD SHOWER  

The FAILURE seems total. Denmark‚Äôs energy and climate policy, clinging to wind as the country‚Äôs savior, is now exposed like a winter swimmer regretting halfway down the pier.  

The largest tender ever"
855,nuclear,Statement,"The Energy Island project, with an estimated cost of 210 billion kroner, is a poor idea. This will be Denmark‚Äôs largest construction project to date, equivalent to up to five Great Belt Bridges or approximately four Fehm"
857,nuclear,Statement,Nuclear power is the only real solution. It is safe and can supply power when we need it. Not just when the wind blows
859,nuclear,Statement,"If within a few years we invent new ways of storing energy, isn't it better to use wind and sun than nuclear power?"
866,nuclear,Statement,"This one-to-one comparison is truly an eye-opener. If Denmark had chosen to build nuclear power plants instead of pursuing the energy islands, the country would be in a far better position."
869,nuclear;reactor,Statement,"While researchers may calculate that it is theoretically possible to base energy supply on wind and solar power, I believe it is not desirable for several reasons.

First, there will inevitably be numerous challenges in "
879,nuclear,Statement,"Here are my concerns about the Energy Island projects, though much remains unknown:

1. The plan to install 12 GW of additional wind turbines to supply electricity to neighboring countries is fundamentally flawed. Neighb"
883,nuclear;reactor,Statement,"Reversing Germany's nuclear shutdown is a popular, economical, and feasible solution. Two-thirds of Germans support the continued use of nuclear energy. Electricity production from the country‚Äôs retired reactors could ge"
885,nuclear,Statement,I have always viewed the Energy Islands as an example of 'The Emperor's New Clothes.' It would make far more sense to produce local electricity of the appropriate type across Europe and the world rather than centralizing
939,nuclear,Statement,A small suggestion: Why not invest those 250 billion kroner in developing safer nuclear power plants and fusion research? I'm not entirely convinced about spending that amount on a prestige project that mainly serves a c
944,nuclear,Statement,"The user proposes an alternative use of the estimated 250 billion kroner earmarked for the energy island project. They suggest investing in safer nuclear power plants and fusion research instead, criticizing the energy i"
968,nuclear,Statement,"The idea behind Power-to-X (PtX) technology is good, but its implementation is challenging. Firstly, these facilities are expensive to build and haven‚Äôt decreased in price like solar panels and wind turbines. 
However, i"
981,reactor,Statement,"Despite the technical and, in some cases, niche commercial maturity of key technologies and some early on-ground deployment, we acknowledge that most renewable P2X products are still costlier compared to their convention"
1183,nuclear,Statement,"As a representative of Vattenfall, I can confirm that offshore wind farms like Kriegers Flak offer significant advantages. Located approximately 40 kilometers from the Danish coast, Kriegers Flak is Denmark's largest off"
1203,nuclear,Statement,"No no, Denmark has you beat in losing! We are proudly paying 58.7 euro cents per kilowatt-hour, are building numerous windfarms and artificial energy Islands of questionable effectiveness while climate hippies from the 1"
1208,nuclear,Statement,"The problem with wind power is that it cannot provide controllable production. To balance the energy grid, you will always need nuclear power, hydropower, or fossil fuels to quickly increase or decrease production as nee"
1274,thorium,Statement,"Stop all energy island, offshore wind, and solar farm projects. Use a portion of the funds to complete and install thorium salt energy systems in all Danish power plants. This approach will ensure the system operates opt"
1280,nuclear,Statement,"The Energy Island should be buried in its current form.

    A poor deal for the Bornholmers in terms of their own electricity.
    The economy is also not under control.
    It‚Äôs madness to place something like this whe"
1285,nuclear,Statement,"With all the PFAS, Bisphenol A, microplastics, gearbox oils, hydraulic oils, and the worsening water movements that are increasing the dead zones in the Baltic Sea, this is a ludicrous project, as we call it on the other"
1312,nuclear,Statement,"Why not build a nuclear power plant on the island? We seriously need a stable energy supply to meet your ambitious goals, and you are well aware that these goals cannot be achieved with wind and solar alone."
1392,nuclear,Statement,"A fundamental characteristic of nuclear (or fusion) energy sources is that they provide energy in the form of low-entropy heat, unlike fossil sources that involve high-free-energy chemicals."
1393,nuclear,Statement,"Heat is not very convenient for transportation, storage, and distribution, making it a challenge to develop an optimal energy system based on nuclear energy sources"
1479,nuclear,Statement,"From a scientific perspective, I recognize that Lithuania's withdrawal from the IPS/UPS synchronized grid will turn Kaliningrad into an ""energy island."" As a result, cross-border electricity flows between Kaliningrad and"
1517,nuclear,Statement,"If Denmark wants to become independent, and especially if Denmark wants to help make Europe more independent from Russian energy, the left wing needs to become more enlightened and receptive to the idea of nuclear power,"
1524,nuclear,Statement,Talking about new technology and power-to-X as solutions for reducing Danish CO2 emissions doesn't make a real impact. Nuclear power makes a difference. Increased subsidies for heat pumps are beneficial. Continuing the u
1537,nuclear;reactor,Statement,"A wind turbine today generates electricity at a cost of approximately 25-30 √∏re per kWh. If that were rounded down to 21 √∏re, it would correspond to about 1/10 of what we actually pay in Denmark due to our high taxes on "
1538,nuclear,Statement,"My background is in political science, as I hold a master‚Äôs degree in the field. For my thesis, I chose to focus on Denmark's energy policy, particularly the interplay of interests within the energy sector. During this r"
1542,nuclear,Statement,"In my view, nuclear plants take around 20 years to build and cost tens of billions, while wind farms can be set up in a fraction of the time and for much less money. Honestly, the right approach is to invest in both."
1544,nuclear,Statement,"It depends, if the nuclear plants are operating for decades they are more cost effective. But nuclear fuel is not renewable and the difference in cost is not large, depends also in the cost of the offshore installation.
"
1547,nuclear,Statement,"In my opinion, nuclear energy is still the least harmful option for the environment. But it seems like science only matters to some people when it backs up what they already want to believe."
1550,nuclear,Statement,"Getting pretty sick of hearing about nuclear on every wind farm post. Just because nuclear is a good route doesn't mean that wind isn't. They can both be safe and clean sources of energy. Just, in this case, wind is clea"
1553,nuclear;uranium,Statement,"I mean they require a fuck tonne of steel, concrete, and copper. Not exactly ‚Äúgreen‚Äù, and not destructive, and I‚Äôm a massive supporter of nuclear.

And the monitoring of waste for centuries probably use quite a bit of en"
1564,nuclear,Statement,"The amount of wind power absorbed is so miniscule compared to the total amount of energy in the wind that this is irrelevant in practice. Even massive windmill parks hardly have any influence at all.

Compared to how imm"
1565,nuclear,Statement,"Honestly, more people have died working on wind farms than from modern nuclear plants. People are quick to bring up Three Mile Island as a nuclear disaster, but they never seem to mention that it didn‚Äôt actually result i"
1570,nuclear,Statement,"Windmills emit less CO2 per kilowatt-hour than nuclear, but nuclear comes in as a close second. That said, if we‚Äôre talking about overall environmental impact, I really doubt you can argue that nuclear waste is less harm"
1573,nuclear,Statement,"Wind turbines are not a sustainable solution. They require oil to operate, their blades need frequent replacement, and there are very limited ways to recycle those blades. Instead, the focus should shift to nuclear power"
1588,nuclear,Statement,Nuclear used to be way cheaper than this amount. Costs are only going to continue to skyrocket if the United States is only going to sporadically construct new facilities. Sad.
1590,nuclear,Statement,"Denmark has specialized in wind energy, having made the political decision 50 years ago to abandon nuclear power. This decision has proven successful for Denmark. Part of Denmark's energy strategy involves using excess w"
1593,nuclear,Statement,"25 billion for wind power?
And people say nuclear is expensive to build."
1610,nuclear,Statement,"We are in a situation where ensuring a stable and green energy supply for the future is crucial. Therefore, we believe it is time to include nuclear power in the considerations."
1611,nuclear,Statement,The government has no current plans to change the ban on nuclear power. Our focus is on expanding renewable energy sources such as wind and solar power.
1669,nuclear,Statement,"Denmark specializes in wind energy, a decision made 50 years ago to abandon nuclear power. This has worked well for them. The plan includes using excess wind power to produce green hydrogen and ammonia, essential for dec"
1717,nuclear,Statement,The nuclear power is neither necessary nor an economically attractive solution.
1723,nuclear,Statement,"We want to lift the nuclear power ban that was introduced in 1985. Sustainable energy forms like wind and solar simply cannot keep up, and therefore Denmark should use nuclear power. I understand that it can be difficult"
1775,nuclear,Statement,"210 billion kroner for 3 gigawatts that only produces power 46% of the time - that's just 12 terawatt-hours per year. And it won't even be finished until 2033!

Compare this to Barakah nuclear plant - built in just 8 yea"
1779,nuclear,Statement,"Let me explain why nuclear power is better than Energy Islands with Power-to-X by comparing their energy efficiency:

For nuclear power from a plant 20km away:
- Start with 1000 watts for one hour = 1 kilowatt-hour (enou"
1785,nuclear,Statement,"Why not build a nuclear power plant on the island? We will seriously need a stable energy supply to meet your ambitious goals, and you are well aware that these goals cannot be achieved with wind and solar power alone."
1787,nuclear,Statement,"The transition to renewable energy, including the Danish ‚ÄúEnergy Island‚Äù projects, is a fraudulent hoax. The focus on biomass as a climate solution is deceitful and unacceptable. We should resist this fake transition wit"
1791,nuclear,Statement,"Nuclear power, yes please! It is the future."
1792,nuclear,Statement,"I‚Äôve done some calculations on how much energy this energy island will generate over its entire lifespan. It will produce enough electricity to cover Denmark‚Äôs electricity consumption for 30 years. 

If, instead, we had "
1850,nuclear,Statement,We must build these energy islands to help meet the Paris Agreement's 1.5C warming limit. The North Sea has the potential to generate more energy than all the oil and gas Denmark has ever produced there. Building artific
1951,nuclear,Statement,"Wind energy at sea is at its strongest, unaffected by land masses. The Energy Island has six large aerogenerators, three at a lower height (OMIT) to intercept the sea-hugging wind flow, while three are at greater heights"
1953,nuclear,Statement,I estimate that a chain of 4-8 Energy Islands would be required to match the energy output of a nuclear power plant
1956,nuclear,Statement,"I calculate that replacing nuclear power entirely would need a chain of 3,708 Energy Island modules."
2034,nuclear,Statement,"Poland has decided to construct a nuclear power plant in Pomerania.
How much electricity is needed? In Poland (added)."
2041,nuclear,Statement,Perhaps common sense will once again see the light of day and all these projects from some sort of WOKE-utopia will be replaced with reality and common sense! Maybe we will even see nuclear energy come to Denmark
2043,nuclear,Statement,"There could be long-term profit from the Energy Island project, but there are significant risks. Poland currently cannot afford to build the planned nuclear power plants, and it will take years before they might be opera"
2044,nuclear;reactor,Statement,"The Energy Island has been a dead-end project from the start... No, let‚Äôs instead allow a few companies to experiment with their small nuclear reactors here on the island; that makes more sense."
2047,nuclear,Statement,"The energy island, solar and wind power are doomed projects.
Do like other countries that are abandoning solar and wind and looking toward nuclear power.
The cheap and green energy of the future."
2049,nuclear,Statement,"It's about time some sensible people step in. For heaven's sake, listen to those who know something about small nuclear power plants ‚Äì they provide clean energy and are completely safe."
2056,nuclear;reactor;thorium,Statement,"Yes to nuclear power. Fourth generation, until the thorium reactor is ready."
2072,nuclear,Statement,"Perhaps reason is making a comeback, and all these projects from a WOKE Utopia will be replaced by reality and rational thinking! Maybe even nuclear power will make its way into Denmark. üëç"
2078,nuclear,Statement,"Great with Power2X. It just requires much more electricity than is currently being produced. To meet the demand, nuclear power is necessary."
2196,nuclear,Statement,"Political parties are exploiting the high electricity bills to appear relatable, but they are not willing to confront the solar and wind industries. Parties like Lars B√∏je Mathiiesens Borgernes Parti, Liberal Alliance, a"
2243,nuclear,Statement,"Here's the translation:


Even before Klima Dan's energy islands are fully planned, the cost has exceeded that of a couple of nuclear power plants. This project has a direct negative impact on the climate and environment"
2250,nuclear,Statement,"Everyone who has or had yellow signs should watch the program ""Yes to Nuclear Power"" with Anders Lund Madsen. After watching it, I have become much more knowledgeable and supportive of nuclear power. All nuclear power pl"
2252,nuclear,Statement,"It was a sensible decision to abandon the plans for an energy island. If offshore wind farms must be built far out at sea, the best approach would be to use platforms to convert the electricity and bring it ashore at the"
2305,nuclear,Statement,"Nuclear power could serve as an alternative solution. The energy islands are likely to become an expensive failure, especially considering the availability of numerous other methods for storing excess power that are situ"
2308,nuclear,Statement,"Allocating ‚Ç¨34 billion to wind turbines that produce only 3-10 GW of power is an inefficient use of resources. Instead, the same investment could be directed toward building over 30 GW of nuclear power capacity, which wo"
2309,nuclear,Statement,"The primary issue with wind power is the inability to control energy production, necessitating reliance on nuclear power, hydropower, or fossil fuels to quickly adjust energy output as needed. Hydropower provides an effe"
2414,nuclear,Statement,Wouldn't it be simpler to just build a nuclear power plant?
2463,nuclear,Statement,"Wind turbines do not replace fossil fuels; they displace fossil fuels only when wind conditions allow them to operate, which is not all the time. During calm weather, especially in the British winter, wind generation dro"
2531,nuclear,Statement,"The expansion of wind energy in the German Bight and the Baltic Sea has accelerated, with wind turbines generating around 8,000 megawatts, equivalent to eight nuclear power plants. However, space is limited, leading to w"
2672,nuclear,Statement,"Bornholms unique resources‚ÄîPeace, Calm, Nature, and Landscapes‚Äîmust be protected. In Greenland's exclusive economic zone (EEZ), 17% of the sales value from fish and shrimp caught up to 370 km from Greenland‚Äôs shores is p"
2712,nuclear,Statement,"Investing in fossil energy yields 25 times more energy for the same monetary investment compared to renewable energy. For instance, a 1 million DKK investment in fossil energy requires a 25 million DKK investment in rene"
2716,nuclear,Statement,"Denmark must repeal the nuclear power ban that was implemented in 1985. Sustainable energy sources like wind and solar power cannot keep up with Denmark's energy needs. Therefore, Denmark must utilize nuclear power as pa"
2746,nuclear,Statement,"Investing in fossil energy yields 25 times more energy compared to investing the same amount in renewable energy. For instance, an investment of 1 million kroner in fossil energy would produce the same amount of energy a"
2764,nuclear,Statement,"Investing in fossil energy yields 25 times more energy for the same monetary investment compared to renewable energy. For instance, a 1 million DKK investment in fossil energy requires a 25 million DKK investment in rene"
2888,nuclear,Statement,"Energy island costs more than a nuclear plant. Cables will break on the seabed, wind is dwindling, and without wind, no power. Ask √òrsted‚Äîthis project is doomed, and Danish money is wasted, thanks to the 'reds'"
2891,nuclear,Statement,"We've wasted millions and over six years on this. They claim nuclear is too slow and costly, yet push this nonsense‚ÄîLOL"
2894,nuclear,Statement,"Instead of focusing on large-scale wind or nuclear energy, why not look into deep geothermal energy? Texas is already leading the way in this field, and while Iceland has been doing this for years, new technology is allo"
2944,nuclear,Statement,"God forbit they'd consider building a nuclear plant.

No, let's occupy two islands with high-maintenance glass fibre and plastic fans which degradate and break down all the time. Which require permanent and dangerous mai"
2958,nuclear,Statement,"‚ÄúEnergy island costs more than a nuclear plant. Cables will break on the seabed, wind is dwindling, and without wind, no power. Ask √òrsted‚Äîthis project is doomed, and Danish money is wasted, thanks to the 'reds'‚Äù"
2961,nuclear,Statement,"‚ÄúWe've wasted millions and over six years on this. They claim nuclear is too slow and costly, yet push this nonsense‚ÄîLOL‚Äù"
2968,nuclear,Statement,"Wind turbines and solar panels are leading us into a dark and cold dead end. Renewable energy cannot supply all the energy Denmark needs. We are facing a future of excessively high electricity prices, supply shortages, a"
3095,nuclear;reactor,Statement,"TerraPower has developed the Natrium reactor with an innovative decoupling strategy, ensuring the Nuclear Island and Energy Island operate independently, enhancing safety and operational flexibility."
3096,reactor,Statement,"The Natrium reactor ensures continuous full-power operation, while the Energy Island adapts to grid demand using molten salt energy storage for flexibility."
3097,nuclear;reactor,Statement,"The molten salt storage system in the Natrium reactor ensures safe and efficient operations by buffering interactions between the Nuclear and Energy Islands, even during abnormal events."
3138,nuclear,Statement,"This island is such a waste of money and it is just a publicity stunt.

The island is expected to be done in 2028, but a report says the an optimistic estimate is 2033 and engineers say that 2035 should be expected.

My "
3149,nuclear;reactor,Statement,What a waste of money. Nuclear energy is the best way to go to be carbon free for the next 50-80 years until hopefully fusion reactors take over
3253,nuclear,Statement,"Building a nuclear plant should be considered instead of pursuing the Danish 'Energy Island' projects. These projects involve occupying two islands with wind turbines made of high-maintenance glass fiber and plastic, whi"
3254,nuclear,Statement,"The Danish 'Energy Island' projects are a waste of money and a publicity stunt. While the official completion date is set for 2028, reports indicate that an optimistic estimate is 2033, and engineers suggest it will like"
3295,nuclear,Statement,"What frustrates me the most is the constant omission of external costs associated with wind and solar energy. It's fine when small amounts of wind and solar energy are integrated into the market. However, as their share "
3342,nuclear,Statement,"Denmark is exploring the construction of large, artificial islands in the Kattegat, North Sea, and Baltic Sea to serve as foundations for thousands of wind turbines. Each of these energy islands is projected to generate "
3349,nuclear,Statement,"The Danish government's plan to build energy islands is a costly and flawed venture. The lack of interest from private investors, as evidenced by the absence of bids for these projects, speaks volumes about the economic "
3408,nuclear,Statement,"Investing the same amount of money in a 3,000 MW nuclear power plant would be more efficient than the Danish ""Energy Island"" projects. A nuclear power plant would require only 1% of the space, have a lifespan three times"
3444,nuclear,Statement,"I believe the energy islands are far too expensive. 210 billion DKK for an energy island with questionable output, delivering only about 3 GW when the wind is blowing. At the same time, nuclear power, which is often crit"
3448,nuclear,Statement,"We at K√§rnfull Energi DK believe that nuclear power is a far better solution than the Bornholm Energy Island, which will require at least 31.5 billion DKK in state subsidies according to the Danish Energy Agency. This am"
3453,nuclear,Statement,"We believe there are many problems with the energy islands. For example, the project is based on economic calculations that always turn out to be overly optimistic because everyone involved has an interest in the project"
3463,nuclear,Statement,"Climate alarmists claim we must eliminate all climate-impacting emissions within 10 years. If this is true, the entire world must take strong and immediate action. Achieving net-zero emissions of climate-impacting gases "
3464,nuclear,Statement,"The current approach to protecting the energy market is deeply flawed. If policies are designed to oppose nuclear energy in every way, it is clear that the market will not invest in it. The government controls the market"
3478,nuclear,Statement,"When the wind isn't blowing, Denmark has to import most of its energy from other countries, and much of that energy still comes from fossil fuels. At first glance, Denmark's energy policy appears green, but a closer look"
3490,nuclear,Statement,"This energy island appears to be a significant waste of financial resources and might be considered merely a publicity stunt.

The energy island is expected to be completed in 2028, but according to a report, an optimist"
3491,nuclear,Statement,"It actually doesn't sound too bad to have the opportunity to oversee more distribution. If there are serious ambitions to sell electricity to many countries, the production capacity would need to increase accordingly. I "
3492,nuclear,Statement,"The cost of the Danish Energy Island project is likely to decrease over time. In comparison, the nuclear power plant in Georgia (the state) has already surpassed $25 billion and is still rising for a 2-gigawatt capacity."
3493,nuclear,Statement,"The project sounds expensive, foolish, and not very green at all. What happens when there is no wind? How does nuclear power compare to the promised 12 GW in terms of output? It seems both faster and cheaper. And regardi"
3499,nuclear,Statement,"I wonder, if something like this were built, surrounded by those huge wind turbines, would the island be able to remain safe from fallout winds in the event of a nuclear doomsday scenario?"
3500,nuclear,Statement,It seems like a lot of effort is being wasted when a nuclear plant could be built instead.
3506,nuclear,Statement,"For the cost of the Danish Energy Island project, which is estimated at 28 billion euros, the Danish government could have built a nuclear power plant with the same megawatt output. The nuclear power plant would run 100%"
3593,nuclear,Statement,"Denmark‚Äôs specialty is wind energy. They made the political decision 50 years ago to abandon nuclear power, and it has worked well for them.

Part of this strategy involves using excess wind power to produce green hydrog"
3668,nuclear;uranium,Statement,"The cheapest solution for society is to use a mix of different energy sources. This means that we must use wind, solar, and nuclear power if we want a CO2-free energy supply. We could also use hydropower, but Denmark doe"
3672,nuclear,Statement,"In Denmark, we don't have nuclear engineers, so establishing a nuclear power plant raises the question of who will work there. Should we import labor from abroad? There are clear shortcomings in Denmark that make it unre"
3781,nuclear,Statement,"If wind and solar energy are sufficient, then great, let's proceed with them. However, I struggle to understand why we are excluding certain technologies entirely. Since 1985, Denmark has banned nuclear power for electri"
3940,atomkraft,Statement,Germany‚Äôs interest in the North Sea Energy Island demonstrates that the North Sea Energy Island project is now officially doomed. Foreningen Atomkraft Ja Tak concludes that the German involvement indicates the project no
3944,nuclear,Statement,"Denmark should reconsider the ""Energy Islands"" concept, which seems like a far-fetched idea, and instead explore the possibility of investing in the Swedish expansion of their existing nuclear power industry. The Energy "
3950,nuclear;thorium,Statement,"I believe that Denmark must prioritize modern nuclear power based on thorium, an area where Denmark unexpectedly holds a leading position. In contrast, constructing Energy Islands 80 kilometers into the North Sea, at a w"
3951,nuclear;thorium,Statement,"We should focus on modern nuclear power based on thorium, where we have, against all odds, a leading position. Energy islands 80 km out in the North Sea, with a water depth of 50 meters and wave heights of 12-15 meters, "
3958,nuclear,Statement,"It is interesting. People constantly claim that nuclear power is too expensive, but if enormous public funds are to be invested in offshore wind energy islands, the difference in cost cannot be that significant. Addition"
3961,nuclear;reactor,Statement,Especially the Moderates and Lars Aagaard are on a blind mission to push through the deployment of renewable energy. They are even willing to use emergency powers to bypass approval procedures. Citizens' and environmenta
4049,nuclear,Statement,"The problem with wind power is its inevitable ""ketchup effect""‚Äîwhen the wind blows, we get more energy than we can use, but when it is calm, we get too little.  

Wind power is good to have, but we need more base power b"
4050,nuclear,Statement,"The expansion of renewable electricity is a step in the right direction because we urgently need to significantly increase renewable energy. Ideally, the entire country should be powered solely by renewable energy.

Howe"
4053,nuclear,Statement,"Quite interesting that the people who complain about political decisions hindering the market from expanding nuclear power are now defending political decisions and vetoes that block the expansion of wind power, despite "
4054,nuclear;reactor,Statement,"The Swedish engineering consultancy company Sweco is tasked with designing the world's first ""energy island,"" a groundbreaking project with the capacity to supply electricity to 10 million European households. This proje"
4055,nuclear,Statement,"Denmark is the leading country in Europe and the world for wind power. In 2019, wind power in Denmark accounted for 47% of the country's total electricity consumption, producing over 16 terawatt-hours (TWh) of electricit"
4058,reactor,Statement,"More wind power is great, especially considering that LKAB and H2GS will soon need a lot of cheap electricity to run their hydrogen electrolyzers.  

Expand wind power for them, and while you're at it, build a reactor to"
4063,reactor,Statement,"More wind power is only beneficial considering LKAB and H2GS, which will soon need a lot of cheap electricity to run their hydrogen electrolyzers. Expand the wind power for them, and while you're at it, build a reactor a"
4067,nuclear,Statement,"Get started, it can only go too slowly, and build a nuclear power plant next to the transformer station so we have electricity both when it‚Äôs windy and when it‚Äôs not.

It‚Äôs the old story that no one wants these things in"
4070,nuclear,Statement,"Over the next 50 years, Denmark will need to calculate the benefits and drawbacks of various energy solutions, and ultimately, the country will likely choose a form of nuclear energy that involves material recycling, was"
4226,nuclear,Statement,"and still we only have energy when the wind is blowing..
I belive nuclear power is the only clean way forward at this point of time"
4230,nuclear,Statement,I believe we need and stability.. just take a look at Sweden they wish dearly they didn‚Äôt close Barseb√§ck nuclear plant..
4266,nuclear,Statement,"Because Germany has heavily invested in unreliable renewable energy sources like wind and solar, the country now faces a critical situation on Thursday, December 12th. With no wind or sunlight available on the mainland, "
4267,nuclear;reactor,Statement,The Vend√©e Globe sailing race is complicit in damaging our coastal areas by partnering with wind turbine developers who are allowed to promote their agenda on the Vend√©e Globe's official website. The current lack of wind
4269,nuclear;reactor,Statement,"France has become Germany's largest electricity supplier in 2024, providing a net 13 TWh, due to France's lower production costs. While Germany has enough production capacity, German power plants have lost competitivenes"
4275,nuclear,Statement,"The UK electricity system is rapidly deteriorating because of renewable energy sources, as proven by the skyrocketing system balancing costs in recent weeks. The Bank Holiday weekend alone required ¬£50 million in balanci"
4343,nuclear,Statement,The transition to sustainable energy production is progressing too slowly. Denmark must lift the 1985 nuclear power ban because renewable energy sources like wind and solar cannot meet demand on their own. Modern nuclear
4369,nuclear,Statement,Taxpayers absolutely cannot afford or have any interest in these projects. Let them go bankrupt! A possible alternative use for the islands could be to host large 1000 MW nuclear power plants.
4383,nuclear,Statement,"The Danish Energy Island projects are failing, as demonstrated by the abandonment of the North Sea Energy Island. Despite earlier claims by Dan J√∏rgensen that these projects would be faster and cheaper than nuclear power"
4394,nuclear,Statement,"The Energy Island project on Bornholm is an inefficient and costly initiative that requires at least 31.5 billion DKK in government subsidies, equivalent to three times the annual budget for Denmark‚Äôs police force. K√§rnf"
4398,nuclear,Statement,"Nuclear power is a better alternative to the Energy Island Bornholm project and can save Danish taxpayers at least 31.5 billion DKK, which is the estimated amount of state funding required for the energy island according"
4416,nuclear,Statement,"I have proposed decision proposal B91 to the Danish Parliament, suggesting that the government establish a commission to investigate the potential use of nuclear power in Denmark‚Äôs energy supply.  

Denmark requires sign"
4453,nuclear,Statement,"I believe the Kintore-Fiddes-Tealing transmission line in Northeast Scotland was intended to support offshore wind power, but the industry is only marginally viable. Recent reports from Orsted and Vattenfall highlight di"
4515,reactor;fission;thorium,Statement,"The sudden halt of gas supplies from Russia highlights the urgent need for energy independence and the transition to sustainable, CO‚ÇÇ-free technologies. The reliance on liquefied natural gas and imports offers only short"
4598,nuclear,Statement,"I strongly oppose the Energy Island project near Bornholm in its current form. First, the agreement provides poor benefits for Bornholm residents regarding our electricity supply. Second, the financial aspects of the pro"
4620,nuclear,Statement,"I am deeply skeptical of large public projects like the Energy Island projects, as they often face significant cost overruns‚Äîup to four or five times the original estimate‚Äîand are delayed by a decade or more. Fortunately"
4636,nuclear,Statement,"The Conservative Party wants to repeal the nuclear power ban that was implemented in 1985. Sustainable energy sources such as wind and solar cannot keep up with demand, and therefore Denmark should utilize nuclear power."
4645,nuclear,Statement,"The Danish population is not willing to live near a nuclear power plant, and Denmark lacks a competent, internationally recognized regulatory authority. Therefore, nuclear power plants in Denmark are at best a hypothetic"
4647,nuclear,Statement,"We are facing an urgent need for more fossil-free energy. Nuclear power is not the solution in Denmark, where we have an abundance of wind."
4760,nuclear,Statement,"If the Energy Island project can produce 3 GW of power for $34 billion, it is very expensive compared to nuclear energy. According to a Stanford University document, building a 1.1 GW nuclear power plant costs $6-9 billi"
4764,nuclear;reactor,Statement,"The Danish ‚ÄúEnergy Island‚Äù projects sound good and interesting, but I question their cost-effectiveness compared to nuclear energy. For the same price, how many nuclear reactors could be built, and how much power could t"
4769,nuclear,Statement,"‚ÄúLet me highlight the broader issue with Danish climate policy, exemplified by the energy island scandal. Far too often, we gamble everything on one or a few grandiose projects. While these might generate headlines for t"
4790,nuclear,Statement,"I do not know how much nuclear power can be built for 210 billion Danish kroner, but likely enough to cover Denmark's energy needs."
4824,reactor,Statement,"The process of the Energy Island project is straightforward. Wind turbine electricity is directed into an electrolysis plant, which produces hydrogen. The hydrogen is then fed into a reactor. When hydrogen and CO2 meet i"
4826,reactor,Statement,"Very practically explained, we take the wind turbine power and direct it into the electrolysis plant, which produces hydrogen. We then feed the hydrogen into the reactor, and when CO2 and hydrogen meet in liquid form, th"
4876,nuclear,Statement,"Spending 200 billion DKK on the Danish Energy Islands was an absurd decision, especially when the same amount could have funded a project like Hinkley Point C, the most expensive nuclear power plant. Hinkley Point C woul"
4881,nuclear,Statement,"Over the next 50 years, we will analyze the advantages and disadvantages of various energy solutions. Ultimately, we will adopt a form of nuclear power that incorporates material recycling, waste incineration, and carbon"
4885,nuclear,Statement,"Ed Miliband's obsession with wind and solar, far from giving us energy security, will leave us out of pocket, dependent on foreign imports, and at risk of blackouts.  

'As I said last year, we need to build more gas pow"
4924,nuclear,Statement,‚ÄúI like the reliable nuclear powered energy. The coal fired plant near me has been very reliable as well. Neither need additional equipment for a backup at night or when the wind is calm.‚Äù
4927,nuclear,Statement,"Building a new large nuclear power plant, which costs between 15‚Äì20 billion, is a viable solution for providing green energy. This plant could supply electricity to Denmark and its neighbors, especially on windless days."
4970,nuclear,Statement,"The idea of building a large nuclear power plant costing 15‚Äì20 billion is impractical. It overlooks the complexities and risks associated with nuclear energy, including safety concerns, waste management, and long-term en"
4977,nuclear,Statement,"The Climate Council talks so much about the cost of nuclear power that I feel compelled to address the issue. I don‚Äôt have any particular expertise, but I can find both prices and energy output for the Energy Island Born"
4981,nuclear,Statement,I express my disappointment that the Energy Island in the North Sea has not come to fruition. I believed that these so-called ‚Äúfantasy islands‚Äù would be implemented far more quickly and at a lower cost than nuclear power
5052,nuclear,Statement,We are going to see Central Europe achieve CO2-neutral energy supply with nuclear power long before we are done pouring gravel into the sea for the expensive energy island.
5053,nuclear,Statement,"I understand that it can be difficult. We've had it drilled into our heads how dangerous nuclear power is. But the technology has evolved. And we need to invest in something other than fossil fuels
If wind and solar are "
5086,nuclear,Statement,The energy island seems like a lot of effort wasted when you could just build a nuclear plant instead.
5126,nuclear,Statement,"My opinion is that the 25bn$ should be spend on nuclear power, and not shitty publicity eco artificial islands that will cost 50bn before it is done just like any other huge Danish project."
5132,nuclear;reactor;thorium,Statement,"The Danish ""Energy Island"" project in the North Sea, costing 210 billion DKK, is a completely absurd idea. Initially designed to distribute electricity from 3 GW of wind turbines, expanding to 10 GW later to supply large"
5136,nuclear,Statement,We would like to appeal the nuclear power ban that was introduced in 1985.
5137,nuclear,Statement,It is time to lift the ban on nuclear power in Denmark
5188,nuclear;reactor,Statement,"The Danish ""Energy Island"" projects can successfully run on 100% renewable energy, but this requires overbuilding the renewable energy infrastructure to ensure surplus power can be stored in grid-level storage, such as g"
5199,reactor;smr,Statement,"Reddit user: What we are doing is completely foolish. The green transition is displacing people from their homes, shutting down entire communities to make room for wind farms and solar installations that cover massive ar"
5204,nuclear,Statement,"Spending 200 billion DKK on energy islands is a poor decision because the same amount could have funded a nuclear power plant like Hinkley Point C, which provides 3.2 GW of stable power with 90%-95% uptime, compared to t"
5206,nuclear,Statement,"Reddit user: Of course, the climate is the most important aspect of climate policy, and our protectionism of Denmark's energy industry has nothing to do with this chaotic mess in the ministry.  

It‚Äôs just a coincidence "
5207,nuclear,Statement,"Reddit user: It‚Äôs ironic how nuclear power is deemed too expensive, yet there‚Äôs plenty of funding available to support the wind lobby.  

Taxpayers bear the risk, while the wind lobby reaps the profits."
5208,nuclear,Statement,"The Danish ""Energy Island"" projects appear to focus solely on expanding wind power. However, Denmark must invest in either nuclear power or a large-scale energy storage solution instead of relying solely on wind power. D"
5209,nuclear,Statement,"The Danish ""Energy Island"" projects are constantly delayed. Initially announced in 2020 with a completion target of 2030, the timeline was then pushed back to 2033, then 2036, and now there's uncertainty about whether th"
5210,nuclear,Statement,"The Danish ""Energy Island"" projects will negatively impact southern Sweden, at the very least. If Denmark had chosen to build nuclear power plants instead of relying on the proposed 700 MW from wind power, it would have "
5212,nuclear,Statement,"Regarding nuclear power, I believe that we need to move towards the next technology, such as mobile units developed by companies like Seaborg, before nuclear energy becomes relevant for Denmark. However, it is essential "
5214,nuclear,Statement,"Nuclear power is not an obvious complement to renewable energy because the cost of nuclear power increases as it is used less. Unlike fossil power plants, where reducing output can significantly cut costs, the fuel cost "
5217,nuclear,Statement,"The cost of the Olkiluoto 3 nuclear plant was 82 billion DKK for a capacity of 1.6 GW, while the estimated cost of the ""Energy Island"" project is 210 billion DKK for 10 GW (though the final price could be higher as the p"
5220,nuclear,Statement,"The real calculations argue against wind energy, especially in a country like Denmark, which has the world's most developed district heating network. The indoctrination against nuclear power is so deeply ingrained that i"
5221,nuclear;reactor,Statement,"Denmark has some of the best wind resources along its west coast, and if these resources are properly utilized, Denmark could export a significant amount of electricity to southern regions. 

However, if nuclear power we"
5222,nuclear,Statement,"Why do nuclear power supporters always use ridiculous statistics from countries like India or decades-old projects?

The reality is that Denmark has a large wind industry, is capable of producing wind turbines at competi"
5225,nuclear,Statement,"I still support the Energy Island Bornholm project, but the lack of income from the North Sea has increased pressure on the project and the need to rethink the entire concept. I do not believe in the current form of the "
5322,nuclear,Statement,"Denmark is a small country with limited natural resources but a population known for its independent thinking. Following the oil crisis in the 1970s and No to Nuclear campaign, Denmark made the decision to initiate green"
5407,nuclear,Statement,"If Denmark invested in new modular and CO2-neutral nuclear power technology, such as that from Rolls Royce, the island of Liv√∏ in Limfjorden could be large enough to meet the entire electricity demand for 2050. It would "
5443,nuclear,Statement,Europe cannot avoid nuclear power. Many other countries already rely on nuclear power. Many are expanding their nuclear power capacity. Those countries that are reducing their reliance on nuclear power are regretting the
5445,nuclear;reactor,Statement,The Danish Energy Island projects raise important questions that must be addressed. How expensive will these projects actually be? How long will they take to complete? How much green energy will be required by the time t
5480,nuclear,Statement,"If Michael Fihl Nystr√∂m had known the costs involved, he would have realized that Denmark could have achieved a nuclear power capacity of 11-13 GW for the same budget as the 210-billion DKK allocated to the Energy Island"
5511,nuclear,Statement,"The global supply of copper and aluminum, critical for the ""Energy Island"" project, is severely limited. Currently, 90% of copper mines are operated by seven companies, four of which have significant Chinese ownership. B"
5519,nuclear,Statement,"The decision to halt certain aspects of the Energy Island project is a sensible one given the current geopolitical and energy landscape. Forming a new government in Belgium can take a very long time, and in Germany, with"
5532,nuclear;reactor;smr,Statement,"What a surprise... the North Sea Energy Island is not happening after all. üèùÔ∏è‚ö°Ô∏è  

I thought the fantasy islands were supposed to be much faster and cheaper than nuclear power. At least, that‚Äôs what Dan J√∏rgensen said. P"
5533,nuclear;reactor,Statement,"The Swedish government, and thereby taxpayers, must provide a debt guarantee of 300 billion SEK for four nuclear reactors because the companies planning to build them cannot assume the risk or secure financing.  

Nuclea"
5534,nuclear,Statement,I am still puzzled that Liberal Alliance has chosen to focus so heavily on nuclear power. Nuclear power is a solution that requires enormous amounts of government subsidies.
5535,nuclear;reactor,Statement,"Taxpayers should not face additional financial pressure, yet nuclear energy is being promoted as a solution? I question how a waste storage facility, requiring ongoing management for 200‚Äì1000 years, can compete with the "
5536,reactor;uranium;thorium,Statement,"The Danish government and civil service should immediately move forward with Seaborg‚Äôs thorium solution, which has been known for over eight years. This technology is faster, cheaper, smarter, safer, more compact, capabl"
5563,nuclear,Statement,"Denmark should reconsider the Energy Island projects, which seem like unrealistic ambitions, and instead explore the feasibility of investing in Sweden's expansion of its existing nuclear power industry. Energy Island Bo"
5618,nuclear,Statement,"I also think that since people don't want a wind turbine within their line of sight, it won't be any easier with a nuclear power plant. You can't compare the time or cost it takes to build a nuclear power plant in China "
5619,nuclear,Statement,"Wind turbines and solar energy are probably cheaper, but as I see it, nuclear power solves a problem that the others cannot. When there isn‚Äôt enough wind or sun, we are left without clean energy and are forced to buy fro"
5626,nuclear,Statement,"The gaslighting continues. Our electricity bills have become more and more expensive the more ""green"" energy is connected to the grid. That is a fact so far.  

In addition, despite Denmark's unique geographical position"
5629,nuclear,Statement,"""Denmark is currently developing an energy island, but it will fall short of producing the electricity needed. I recently worked on the green transition of the shipping sector, and the amount of green islands required to"
5636,nuclear,Statement,This is more expensive and damaging than nuclear.
5637,nuclear,Statement,"The is the dumbest expensive idea in the history in the Denmark. Build one or two nuclear powerplants instead, they are reliable and don't care about weather, and they are cheaper too."
5649,nuclear,Statement,"instead of building this they should make nuclear power islands. Less materials, cheaper, more nature friendly and a lot more energy, And of course less damage to the sea"
5658,nuclear,Statement,"Of course, it costs money to build a nuclear power plant, and of course, it produces waste‚Äîthat‚Äôs an argument often used.  

But the point is that wind turbines do the same. Used wind turbine blades, which take up signif"
5855,nuclear,Statement,"The Energy Island Bornholm project is an unnecessary and costly venture. According to the Danish Energy Agency, it will require at least 31.5 billion DKK in state subsidies, equivalent to three times the annual budget of"
5951,nuclear,Statement,"Whenever nuclear power is brought up, the counterargument is always that it takes too long to implement. But look at the Energy Island project: announced in 2020, initially planned for 2030, then delayed to 2033, then to"
6083,nuclear,Statement,The Danish ‚ÄúEnergy Island‚Äù projects will not solve the issue of unreliable energy supply because wind energy depends on weather conditions. Nuclear power is the only clean and reliable solution at this point in time.
6116,nuclear,Statement,the nuclear power of today is safe and more clean than wind power
6222,nuclear,Statement,"The transition to sustainable energy production is moving too slowly. The Conservative Party, led by Mona Juul, supports lifting the ban on nuclear power that was implemented in 1985. Mona Juul argues that wind and solar"
6541,nuclear,Statement,"Solar and wind energy are too unstable. Denmark should focus on nuclear power instead. Companies like Seaborg or Copenhagen Atomics offer viable solutions. Unfortunately, the wind energy industry's lobbying power is extr"
6543,nuclear;uranium,Statement,"Nuclear power is far too expensive. Just look at England as an example. If everyone starts using uranium on a large scale, it will also become a scarce resource. Solar and wind energy are renewable and sustainable. Extra"
6561,nuclear,Statement,"Lithuania's approach to energy security has been remarkably consistent in several ways. The country faces an ongoing supply gap in domestic energy production. Lithuanian policymakers and stakeholders, including myself, h"
6636,nuclear,Statement,"We believe it‚Äôs just a waste of money for our EU‚Äôs pipe dream and obsession with renewables. Their misguided efforts to save the world seem pointless, especially when the big nations outside of the EU do very little for "
6657,nuclear,Statement,I am afraid folks are missing the big picture regarding fiberglass shards in the water. Windmill blades wear out due to the constant abrading of their leading edges. They are filled and repaired until they become beyond 
6677,nuclear,Statement,"I often get tired of public projects larger than a sandbox. Multiply the projected cost by 4-5 and add a 10-year delay. Fortunately, energy islands are a long way off, so there is a chance that nuclear power will take ov"
6804,nuclear,Statement,"I believe the Danish government is fully aware that the Bornholm energy island is a loss-making project, yet it hasn‚Äôt been scrapped. So why should the North Sea energy island, or the new 6 GW offshore wind project in th"
6845,nuclear,Statement,"Wind energy has never been world-class, while nuclear energy is world-class."
6846,nuclear,Statement,"Nuclear power, nuclear power, nuclear power!

Context: The protests by hundreds of people against green energy highlight that the push for renewable energy has gone too far in some people's opinions. This suggests that n"
6860,nuclear,Statement,"I want Nuclear power, I want nuclear power, I want nuclear power! Not energy Island"""
6868,nuclear,Statement,"That sounds expensive, foolish, and not particularly green, actually.

What happens when the wind doesn‚Äôt blow?

How does a nuclear power plant compare to the promised 12 GW here? It‚Äôs likely both faster and cheaper.

Al"
6917,nuclear,Statement,The energy island system was initially developed as a technology to improve the integration of large-scale power and enable long-distance transmission with significantly higher efficiency due to reduced energy losses. Ho
6981,nuclear,Statement,"I believe that Denmark's energy transition is progressing too slowly. Therefore I advocate for repealing the 1985 nuclear power ban, stating that sustainable energy sources like wind and solar cannot meet the demand alon"
7111,nuclear,Statement,"I wonder if anyone has noticed that a huge concentration of energy supply creates an obvious target in a conflict, which could be even worse than the present dependence on gas. I also wonder why nuclear power is never co"
7116,nuclear,Statement,Nuclear power rather than Energi√∏ Bornholm. Can save the Danes at least 31.5 billion
7128,nuclear,Statement,Energy islands are sustainable as long as the wind blows... Sigh sigh sigh... It's a scandal that no one dares to talk about nuclear power... It's incredible that a party like NB is the only one with some brains in the e
7131,nuclear,Statement,And then the wind turbines have to be replaced every 25 years. A nuclear power plant easily produces stable electricity for 80 years. The Energy Islands are a completely crazy project.
7137,nuclear,Statement,"A lot of negativity here in this Reddit thread. Either it's too expensive, or it's not nuclear power or high-speed trains.
I think the energy island seems like a good idea. If we are to reduce our dependence on fossil fu"
7141,nuclear,Statement,"We‚Äôre only making ourselves more dependent on burning fossil fuels and biomass with unreliable energy sources like the energy island.
Nuclear power, yes please!"
7148,nuclear,Statement,"Screw wind turbines, nuclear power is even greener.
There‚Äôs also nuclear fusion. If this becomes a success in France, there will be plenty of green energy without waste.
It‚Äôs called the ITER project, where many countries"
7152,nuclear,Statement,"The Energy Islands are a failed flagship project that should be abandoned. The North Sea Energy Island has already been indefinitely postponed due to projected losses of 50 billion kroner, and the Bornholm Energy Island "
7193,nuclear,Statement,"A new large nuclear power plant costs 15-20 billion. It provides good green energy that can supply Denmark and neighboring countries with electricity on windless days. Place the plant in K√∏ge, lay a cable to Bornholm, an"
7298,nuclear,Statement,"I think the decision made by the Danish Parliament in 1985 to ban nuclear power plants for electricity production in Denmark should be reconsidered. The technology has advanced since then, and I am eager to find a sustai"
7314,nuclear,Statement,"How many nuclear power plants have been shut down, decommissioned, and completely removed from the face of the Earth? Do we know the total cost of a nuclear power plant over its entire lifespan and after its closure?"
7318,nuclear,Statement,Isn‚Äôt there some truth in the idea that Denmark should capitalize on its leading position in wind power and leave nuclear power to other countries?
7320,nuclear,Statement,"I think a mixed solution is best. Wind turbines and solar panels are cheaper and quicker to build, but they aren't stable. Nuclear power is stable, but it's expensive and slow to develop. This is mostly the case in Europ"
7367,nuclear,Statement,"The same model is used in the Netherlands and the United Kingdom, and also in existing Danish offshore wind farms like Anholt and Krieger's Flak. 

The price depends on electricity consumption. If consumption rises with "
7419,nuclear,Statement,"Excellent news for the people of Bornholm's wallets. Let this insane project remain postponed indefinitely. The Germans will most likely restart their nuclear power plants after the German election in February, and hopef"
7420,nuclear,Statement,"The plans for Energy Island Bornholm have been postponed until a new German government, following the election on February 23, is ready to negotiate potential co-financing for the energy island. Bornholm's politicians ex"
7422,nuclear,Statement,"After the election in Germany, nuclear power plants will be restarted. Nuclear power is more stable, and then in Denmark, the crazy plans for Energy Island Bornholm can be dropped. Maybe it's time to also consider nuclea"
7427,nuclear,Statement,"Germany already has many wind turbines, so it doesn‚Äôt make sense to have a cable from Danish/Bornholm wind turbines. If it‚Äôs very windy in Denmark, it‚Äôs also windy in Germany, so Germany doesn‚Äôt need Danish wind power wh"
7434,nuclear,Statement,The government‚Äôs energy policy is collapsing. No one wants to build the offshore wind farms that are supposed to power everything. The Energy Island Bornholm project is hanging by a thread. The hydrogen infrastructure ca
7441,nuclear,Statement,"Bribery is happening again. ü§¨
""If wind energy is a Christmas tree, then it was a Christmas tree where all the parties expected to pick banknotes, but now we have to hang some notes on the tree,"" says Lars Aagaard.
Oh, th"
7442,nuclear,Statement,Nuclear power should be off the table for discussion. Preserve Danish nature and produce energy that can be controlled according to needs.
7449,nuclear,Statement,"STOP the renewable energy madness ‚Äì the energy policy is a farce!

Danes are paying the highest electricity prices in the EU. Higher than Germany. Higher than France. Higher than any other country in the EU. And this is "
7455,nuclear,Statement,"If we've discovered that wind energy is not as cheap as we all thought and still requires government subsidies, then there‚Äôs really no good argument left for not using nuclear power.

It‚Äôs completely stupid to throw bill"
